age,Percentage of deaths,Percentage of population
Age 0-9,0.08571428571428572,11.956328491757859
Age 10-19,0.12,12.531234488195619
Age 20-29,0.5142857142857142,13.125865822283792
Age 30-39,1.4228571428571428,13.523114007909601
Age 40-49,3.4857142857142858,11.981098714284325
Age 50-59,8.434285714285714,13.378840033351395
Age 60-69,16.788571428571426,12.044038114024131
Age 70-79,24.72,7.559670768541979
Age 80+,44.417142857142856,3.899809559651303
Unknown,0.011428571428571429,NA
