race,Percentage of deaths,Percentage of population
Black or African American,32.083711433756804,31.65881005602904
White,57.29922867513611,57.273539822147534
Hispanic,6.295372050816697,11.46561205321948
Asian,3.1136569872958257,7.05931876210529
Other,1.1059437386569873,4.008331359718135
Unknown,0.10208711433756805,NA
