race,Percentage of deaths,Percentage of population
Black or African American,32.60570540039471,31.65881005602904
White,56.52173913043478,57.273539822147534
Hispanic,6.470904850188386,11.46561205321948
Asian,3.151725375276598,7.05931876210529
Other,1.1183541654207283,4.008331359718135
Unknown,0.13157107828479156,NA
