race,Percentage of deaths,Percentage of population
Black or African American,32.66814930576426,31.65881005602904
White,56.45849612309911,57.273539822147534
Hispanic,6.503576365931357,11.46561205321948
Asian,3.167638396345495,7.05931876210529
Other,1.1179900222395864,4.008331359718135
Unknown,0.08414978662018392,NA
