race,Percentage of deaths,Percentage of population
Black or African American,31.81371478488753,31.65881005602904
White,57.70364708451628,57.273539822147534
Hispanic,6.125791657567154,11.46561205321948
Asian,3.1611705612579164,7.05931876210529
Other,1.070102642498362,4.008331359718135
Unknown,0.125573269272767,NA
