race,Percentage of deaths,Percentage of population
Black or African American,31.96458218040952,31.65881005602904
White,57.50968456004427,57.273539822147534
Hispanic,6.203652462645269,11.46561205321948
Asian,3.171001660210293,7.05931876210529
Other,1.079136690647482,4.008331359718135
Unknown,0.07194244604316546,NA
