race,Percentage of deaths,Percentage of population
Black or African American,31.786997713165633,31.65881005602904
White,57.764347163236415,57.273539822147534
Hispanic,6.120004355874986,11.46561205321948
Asian,3.158009365131221,7.05931876210529
Other,1.0671893716650334,4.008331359718135
Unknown,0.1034520309267124,NA
