race,Percentage of deaths,Percentage of population
Black or African American,32.085833993885174,31.65881005602904
White,57.332125467104525,57.273539822147534
Hispanic,6.2846789718038725,11.46561205321948
Asian,3.114030121164081,7.05931876210529
Other,1.104065224776356,4.008331359718135
Unknown,0.0792662212659948,NA
