race,Percentage of deaths,Percentage of population
Black or African American,32.379668171425216,31.65881005602904
White,56.803658322096496,57.273539822147534
Hispanic,6.39620097320748,11.46561205321948
Asian,3.1130913994254557,7.05931876210529
Other,1.1080494811514334,4.008331359718135
Unknown,0.19933165269390868,NA
