race,Percentage of deaths,Percentage of population
Black or African American,32.0525783619818,31.65881005602904
White,57.40927985619594,57.273539822147534
Hispanic,6.252106504887091,11.46561205321948
Asian,3.1176272328951806,7.05931876210529
Other,1.0953825412874958,4.008331359718135
Unknown,0.07302550275249972,NA
