race,Percentage of deaths,Percentage of population
Black or African American,32.62861591902737,31.65881005602904
White,56.495178774630176,57.273539822147534
Hispanic,6.4802060250344375,11.46561205321948
Asian,3.1562556147810983,7.05931876210529
Other,1.1199616697610348,4.008331359718135
Unknown,0.11978199676588609,NA
