race,Percentage of deaths,Percentage of population
Black or African American,32.192525610942596,31.65881005602904
White,57.16820236936988,57.273539822147534
Hispanic,6.318319693241,11.46561205321948
Asian,3.107651805642992,7.05931876210529
Other,1.0988382075201741,4.008331359718135
Unknown,0.11446231328335146,NA
