race,Percentage of deaths,Percentage of population
Black or African American,31.995976754582028,31.65881005602904
White,57.41506481895395,57.273539822147534
Hispanic,6.230442556995977,11.46561205321948
Asian,3.151542244076889,7.05931876210529
Other,1.0896289673670094,4.008331359718135
Unknown,0.11734465802413947,NA
