race,Percentage of deaths,Percentage of population
Black or African American,31.77139761646804,31.65881005602904
White,57.82231852654388,57.273539822147534
Hispanic,6.1050920910075845,11.46561205321948
Asian,3.1581798483206933,7.05931876210529
Other,1.0780065005417119,4.008331359718135
Unknown,0.06500541711809318,NA
