race,Percentage of deaths,Percentage of population
Black or African American,32.09428830462375,31.65881005602904
White,57.30961015412511,57.273539822147534
Hispanic,6.289664551223935,11.46561205321948
Asian,3.110834088848595,7.05931876210529
Other,1.10494106980961,4.008331359718135
Unknown,0.09066183136899365,NA
