race,Percentage of deaths,Percentage of population
Black or African American,31.800348735832607,31.65881005602904
White,57.770270270270274,57.273539822147534
Hispanic,6.11922406277245,11.46561205321948
Asian,3.1604184829991286,7.05931876210529
Other,1.0680034873583262,4.008331359718135
Unknown,0.08173496076721883,NA
