race,Percentage of deaths,Percentage of population
Black or African American,31.765341984320088,31.65881005602904
White,57.84806704514733,57.273539822147534
Hispanic,6.093538794268722,11.46561205321948
Asian,3.1522032981886996,7.05931876210529
Other,1.0813733441470668,4.008331359718135
Unknown,0.059475533928088666,NA
