race,Percentage of deaths,Percentage of population
Black or African American,32.459093862602636,31.65881005602904
White,56.77240238643747,57.273539822147534
Hispanic,6.4209344911099295,11.46561205321948
Asian,3.130722428968043,7.05931876210529
Other,1.1105204087660228,4.008331359718135
Unknown,0.10632642211589581,NA
