race,Percentage of deaths,Percentage of population
Black or African American,31.91700695287496,31.65881005602904
White,57.570908288268406,57.273539822147534
Hispanic,6.185851451274694,11.46561205321948
Asian,3.1619026597505795,7.05931876210529
Other,1.0815583268954863,4.008331359718135
Unknown,0.08277232093587904,NA
