race,Percentage of deaths,Percentage of population
Black or African American,31.773931855056787,31.65881005602904
White,57.83666846944294,57.273539822147534
Hispanic,6.095186587344511,11.46561205321948
Asian,3.153055705786912,7.05931876210529
Other,1.0816657652785289,4.008331359718135
Unknown,0.059491617090319096,NA
