race,Percentage of deaths,Percentage of population
Black or African American,32.61154855643045,31.65881005602904
White,56.56167979002624,57.273539822147534
Hispanic,6.454306848007635,11.46561205321948
Asian,3.1436411357671203,7.05931876210529
Other,1.1154855643044619,4.008331359718135
Unknown,0.11333810546408972,NA
