race,Percentage of deaths,Percentage of population
Black or African American,31.779914181739176,31.65881005602904
White,57.80240073868883,57.273539822147534
Hispanic,6.1104774319700175,11.46561205321948
Asian,3.1557221226440717,7.05931876210529
Other,1.0754440280267232,4.008331359718135
Unknown,0.07604149693118245,NA
