race,Percentage of deaths,Percentage of population
Black or African American,32.18857142857143,31.65881005602904
White,57.17714285714286,57.273539822147534
Hispanic,6.325714285714286,11.46561205321948
Asian,3.1028571428571428,7.05931876210529
Other,1.0971428571428572,4.008331359718135
Unknown,0.10857142857142858,NA
