race,Percentage of deaths,Percentage of population
Black or African American,31.788151196794107,31.65881005602904
White,57.81977688725225,57.273539822147534
Hispanic,6.103108415466262,11.46561205321948
Asian,3.1571536878587674,7.05931876210529
Other,1.0776562330770063,4.008331359718135
Unknown,0.054153579551608357,NA
