race,Percentage of deaths,Percentage of population
Black or African American,32.264260768335276,31.65881005602904
White,56.91501746216531,57.273539822147534
Hispanic,6.3678696158323636,11.46561205321948
Asian,3.119906868451688,7.05931876210529
Other,1.1059371362048895,4.008331359718135
Unknown,0.22700814901047728,NA
