race,Percentage of deaths,Percentage of population
Black or African American,32.516901909619264,31.65881005602904
White,56.67180642865615,57.273539822147534
Hispanic,6.440517139129404,11.46561205321948
Asian,3.143162139722453,7.05931876210529
Other,1.1090024908077334,4.008331359718135
Unknown,0.11860989206499822,NA
