race,Percentage of deaths,Percentage of population
Black or African American,32.10023866348449,31.65881005602904
White,57.279236276849645,57.273539822147534
Hispanic,6.2961700193203765,11.46561205321948
Asian,3.113990226162064,7.05931876210529
Other,1.1023979997727014,4.008331359718135
Unknown,0.10796681441072849,NA
