race,Percentage of deaths,Percentage of population
Black or African American,32.69659536004821,31.65881005602904
White,56.420608617053325,57.273539822147534
Hispanic,6.50798433263031,11.46561205321948
Asian,3.163603495028623,7.05931876210529
Other,1.1208195239529979,4.008331359718135
Unknown,0.0903886712865321,NA
