race,Percentage of deaths,Percentage of population
Black or African American,31.986869192677908,31.65881005602904
White,57.436154231347025,57.273539822147534
Hispanic,6.214877872364101,11.46561205321948
Asian,3.171423802370222,7.05931876210529
Other,1.084960774495076,4.008331359718135
Unknown,0.10571412674567407,NA
