race,Percentage of deaths,Percentage of population
Black or African American,31.778835749837697,31.65881005602904
White,57.8229820385198,57.273539822147534
Hispanic,6.097165115775806,11.46561205321948
Asian,3.154079203635577,7.05931876210529
Other,1.0820168794633196,4.008331359718135
Unknown,0.06492101276779917,NA
