race,Percentage of deaths,Percentage of population
Black or African American,31.784668762875416,31.65881005602904
White,57.81199175973111,57.273539822147534
Hispanic,6.109725685785536,11.46561205321948
Asian,3.149734359752792,7.05931876210529
Other,1.0788246774368426,4.008331359718135
Unknown,0.06505475441830207,NA
