race,Percentage of deaths,Percentage of population
Black or African American,32.24008823358681,31.65881005602904
White,57.00354095315493,57.273539822147534
Hispanic,6.362105996400999,11.46561205321948
Asian,3.1230045858245776,7.05931876210529
Other,1.102919835142509,4.008331359718135
Unknown,0.1683403958901724,NA
