race,Percentage of deaths,Percentage of population
Black or African American,31.879120879120883,31.65881005602904
White,57.604395604395606,57.273539822147534
Hispanic,6.164835164835165,11.46561205321948
Asian,3.1703296703296706,7.05931876210529
Other,1.0769230769230769,4.008331359718135
Unknown,0.10439560439560441,NA
