race,Percentage of deaths,Percentage of population
Black or African American,31.921824104234524,31.65881005602904
White,57.57743057472533,57.273539822147534
Hispanic,6.188925081433225,11.46561205321948
Asian,3.1634737481366977,7.05931876210529
Other,1.0820957323469331,4.008331359718135
Unknown,0.06625075912328161,NA
