race,Percentage of deaths,Percentage of population
Black or African American,31.763624567474047,31.65881005602904
White,57.85575259515571,57.273539822147534
Hispanic,6.093209342560554,11.46561205321948
Asian,3.1520328719723185,7.05931876210529
Other,1.0813148788927336,4.008331359718135
Unknown,0.05406574394463668,NA
