race,Percentage of deaths,Percentage of population
Black or African American,32.65269353192001,31.65881005602904
White,56.46507717254219,57.273539822147534
Hispanic,6.498108221728424,11.46561205321948
Asian,3.1649750765719777,7.05931876210529
Other,1.123055672331992,4.008331359718135
Unknown,0.09609032490541108,NA
