race,Percentage of deaths,Percentage of population
Black or African American,32.48298313110388,31.65881005602904
White,56.691328795501626,57.273539822147534
Hispanic,6.433856170464634,11.46561205321948
Asian,3.1370227878070436,7.05931876210529
Other,1.1127552530334417,4.008331359718135
Unknown,0.14205386208937554,NA
