race,Percentage of deaths,Percentage of population
Black or African American,32.18543046357616,31.65881005602904
White,57.10336884537863,57.273539822147534
Hispanic,6.340339763892889,11.46561205321948
Asian,3.126979556579326,7.05931876210529
Other,1.0999136193492658,4.008331359718135
Unknown,0.14396775122372588,NA
