race,Percentage of deaths,Percentage of population
Black or African American,31.883102614809932,31.65881005602904
White,57.630191166776534,57.273539822147534
Hispanic,6.163480553724456,11.46561205321948
Asian,3.169633047681828,7.05931876210529
Other,1.076686442540101,4.008331359718135
Unknown,0.07690617446715008,NA
