race,Percentage of deaths,Percentage of population
Black or African American,32.00156678417548,31.65881005602904
White,57.417044373566114,57.273539822147534
Hispanic,6.239158413071457,11.46561205321948
Asian,3.1335683509596555,7.05931876210529
Other,1.0911532650663085,4.008331359718135
Unknown,0.11750881316098707,NA
