race,Percentage of deaths,Percentage of population
Black or African American,32.20897940291599,31.65881005602904
White,57.07012265679241,57.273539822147534
Hispanic,6.34691043739875,11.46561205321948
Asian,3.1242767877806066,7.05931876210529
Other,1.0992825734783616,4.008331359718135
Unknown,0.15042814163388105,NA
