race,Percentage of deaths,Percentage of population
Black or African American,32.131465026201866,31.65881005602904
White,57.216905901116434,57.273539822147534
Hispanic,6.3112326270221,11.46561205321948
Asian,3.110047846889952,7.05931876210529
Other,1.1050353155616315,4.008331359718135
Unknown,0.12531328320802004,NA
