race,Percentage of deaths,Percentage of population
Black or African American,31.760955314205436,31.65881005602904
White,57.83757497163236,57.273539822147534
Hispanic,6.100394445345005,11.46561205321948
Asian,3.160966120927217,7.05931876210529
Other,1.080672178094775,4.008331359718135
Unknown,0.05943696979521262,NA
