race,Percentage of deaths,Percentage of population
Black or African American,32.19937622733048,31.65881005602904
White,57.09252627931154,57.273539822147534
Hispanic,6.341688806745986,11.46561205321948
Asian,3.1304146933117707,7.05931876210529
Other,1.1031535173847753,4.008331359718135
Unknown,0.13284047591544415,NA
