race,Percentage of deaths,Percentage of population
Black or African American,32.095821980018165,31.65881005602904
White,57.28882833787466,57.273539822147534
Hispanic,6.301089918256131,11.46561205321948
Asian,3.1108083560399638,7.05931876210529
Other,1.1012715712988193,4.008331359718135
Unknown,0.10217983651226158,NA
