race,Percentage of deaths,Percentage of population
Black or African American,31.964434565156992,31.65881005602904
White,57.4381772714643,57.273539822147534
Hispanic,6.21283689913865,11.46561205321948
Asian,3.173103639899972,7.05931876210529
Other,1.0836343428730202,4.008331359718135
Unknown,0.12781328146707419,NA
