race,Percentage of deaths,Percentage of population
Black or African American,32.40495916328809,31.65881005602904
White,56.78947059169164,57.273539822147534
Hispanic,6.41048240202127,11.46561205321948
Asian,3.120042305658382,7.05931876210529
Other,1.1046477466361126,4.008331359718135
Unknown,0.17039779070450672,NA
