race,Percentage of deaths,Percentage of population
Black or African American,32.05171444631816,31.65881005602904
White,57.37492973580663,57.273539822147534
Hispanic,6.2563237774030345,11.46561205321948
Asian,3.1197301854974704,7.05931876210529
Other,1.0961214165261384,4.008331359718135
Unknown,0.1011804384485666,NA
