race,Percentage of deaths,Percentage of population
Black or African American,31.78076256499133,31.65881005602904
White,57.826039861351816,57.273539822147534
Hispanic,6.1037694974003465,11.46561205321948
Asian,3.1574956672443673,7.05931876210529
Other,1.0777729636048525,4.008331359718135
Unknown,0.05415944540727903,NA
