race,Percentage of deaths,Percentage of population
Black or African American,32.66126612661266,31.65881005602904
White,56.47764776477647,57.273539822147534
Hispanic,6.492649264926492,11.46561205321948
Asian,3.162316231623162,7.05931876210529
Other,1.1221122112211221,4.008331359718135
Unknown,0.08400840084008401,NA
