race,Percentage of deaths,Percentage of population
Black or African American,32.17872631819219,31.65881005602904
White,57.20725861675417,57.273539822147534
Hispanic,6.317050901620634,11.46561205321948
Asian,3.098607623830176,7.05931876210529
Other,1.0956402647797305,4.008331359718135
Unknown,0.10271627482309974,NA
