race,Percentage of deaths,Percentage of population
Black or African American,31.987300880026737,31.65881005602904
White,57.43009914225242,57.273539822147534
Hispanic,6.215885039545506,11.46561205321948
Asian,3.169210203854295,7.05931876210529
Other,1.086108945081876,4.008331359718135
Unknown,0.11139578923916675,NA
