race,Percentage of deaths,Percentage of population
Black or African American,32.62025694651927,31.65881005602904
White,56.54616074096206,57.273539822147534
Hispanic,6.465491484911862,11.46561205321948
Asian,3.149088736181655,7.05931876210529
Other,1.1174185838063937,4.008331359718135
Unknown,0.10158350761876307,NA
