race,Percentage of deaths,Percentage of population
Black or African American,32.66766917293233,31.65881005602904
White,56.40902255639097,57.273539822147534
Hispanic,6.49624060150376,11.46561205321948
Asian,3.1699248120300756,7.05931876210529
Other,1.118796992481203,4.008331359718135
Unknown,0.13834586466165413,NA
