race,Percentage of deaths,Percentage of population
Black or African American,32.57778571003629,31.65881005602904
White,56.618478196204414,57.273539822147534
Hispanic,6.4489261705038965,11.46561205321948
Asian,3.1411743708727466,7.05931876210529
Other,1.1124992563507645,4.008331359718135
Unknown,0.10113629603188767,NA
