race,Percentage of deaths,Percentage of population
Black or African American,32.09052333804809,31.65881005602904
White,57.32956152758133,57.273539822147534
Hispanic,6.2857142857142865,11.46561205321948
Asian,3.1117397454031117,7.05931876210529
Other,1.1032531824611032,4.008331359718135
Unknown,0.07920792079207921,NA
