race,pct_race_cases,pct_pop
african_american,32.69659536004821,31.65881005602904
white,56.420608617053325,57.273539822147534
hispanic,6.50798433263031,11.46561205321948
asian,3.163603495028623,7.05931876210529
other,1.1208195239529979,4.008331359718135
not_available,0.0903886712865321,NA
