race,Percentage of deaths,Percentage of population
Black or African American,31.755040268093616,31.65881005602904
White,57.85092697692017,57.273539822147534
Hispanic,6.096967731473974,11.46561205321948
Asian,3.156586130479434,7.05931876210529
Other,1.0810226474244635,4.008331359718135
Unknown,0.0594562456083455,NA
