race,Percentage of deaths,Percentage of population
Black or African American,31.81173647469459,31.65881005602904
White,57.76068935427574,57.273539822147534
Hispanic,6.119109947643979,11.46561205321948
Asian,3.1577225130890048,7.05931876210529
Other,1.0689354275741711,4.008331359718135
Unknown,0.08180628272251309,NA
