race,Percentage of deaths,Percentage of population
Black or African American,31.75949435470801,31.65881005602904
White,57.83047917454487,57.273539822147534
Hispanic,6.104478418237805,11.46561205321948
Asian,3.160283074928421,7.05931876210529
Other,1.0804386580951866,4.008331359718135
Unknown,0.0648263194857112,NA
