race,Percentage of deaths,Percentage of population
Black or African American,32.37393237393238,31.65881005602904
White,56.85035685035685,57.273539822147534
Hispanic,6.382356382356383,11.46561205321948
Asian,3.1356031356031355,7.05931876210529
Other,1.1115011115011115,4.008331359718135
Unknown,0.14625014625014623,NA
