race,Percentage of deaths,Percentage of population
Black or African American,32.325472799439645,31.65881005602904
White,56.922717721223435,57.273539822147534
Hispanic,6.374036890030353,11.46561205321948
Asian,3.1286481438244222,7.05931876210529
Other,1.1090357226243286,4.008331359718135
Unknown,0.14008872285780996,NA
