race,Percentage of deaths,Percentage of population
Black or African American,31.858552631578945,31.65881005602904
White,57.65350877192983,57.273539822147534
Hispanic,6.151315789473684,11.46561205321948
Asian,3.1633771929824563,7.05931876210529
Other,1.074561403508772,4.008331359718135
Unknown,0.09868421052631579,NA
