race,Percentage of deaths,Percentage of population
Black or African American,32.125384002730684,31.65881005602904
White,57.25338491295938,57.273539822147534
Hispanic,6.30333371259529,11.46561205321948
Asian,3.1118443508931617,7.05931876210529
Other,1.1036522926385255,4.008331359718135
Unknown,0.10240072818295597,NA
