race,Percentage of deaths,Percentage of population
Black or African American,32.40822579694773,31.65881005602904
White,56.75564197749101,57.273539822147534
Hispanic,6.4227211124860055,11.46561205321948
Asian,3.1229744858876907,7.05931876210529
Other,1.107772081786577,4.008331359718135
Unknown,0.18266454540097815,NA
