race,Percentage of deaths,Percentage of population
Black or African American,31.77221350927478,31.65881005602904
White,57.844356714077115,57.273539822147534
Hispanic,6.094856957438754,11.46561205321948
Asian,3.1528851873884594,7.05931876210529
Other,1.0816072684008435,4.008331359718135
Unknown,0.05408036342004219,NA
