race,Percentage of deaths,Percentage of population
Black or African American,32.58681279409137,31.65881005602904
White,56.58466853296802,57.273539822147534
Hispanic,6.444695931860147,11.46561205321948
Asian,3.14491631425338,7.05931876210529
Other,1.1138245279647387,4.008331359718135
Unknown,0.12508189886235035,NA
