race,Percentage of deaths,Percentage of population
Black or African American,31.76489742754803,31.65881005602904
White,57.809616845761425,57.273539822147534
Hispanic,6.116357321176599,11.46561205321948
Asian,3.153153153153153,7.05931876210529
Other,1.0799956583089112,4.008331359718135
Unknown,0.0759795940518832,NA
