race,Percentage of deaths,Percentage of population
Black or African American,32.5551001009921,31.65881005602904
White,56.63874532168954,57.273539822147534
Hispanic,6.445672191528545,11.46561205321948
Asian,3.1426364878512447,7.05931876210529
Other,1.110913087387869,4.008331359718135
Unknown,0.10693281055070397,NA
