race,Percentage of deaths,Percentage of population
Black or African American,32.179296113722344,31.65881005602904
White,57.096182506018565,57.273539822147534
Hispanic,6.32809813137682,11.46561205321948
Asian,3.1124613091826205,7.05931876210529
Other,1.1005388054568384,4.008331359718135
Unknown,0.18342313424280637,NA
