race,Percentage of deaths,Percentage of population
Black or African American,31.776611288489637,31.65881005602904
White,57.81156989014558,57.273539822147534
Hispanic,6.098814870934574,11.46561205321948
Asian,3.1549326262243627,7.05931876210529
Other,1.0823096487905188,4.008331359718135
Unknown,0.07576167541533632,NA
